{
  "name": "ESP32-USB-Soft-Host",
  "description": "ESP32-USB-Soft-Host is a pure software USB host through general IO pins. It can connect up to 4 USB-LS HID (keyboard mouse joystick) devices simultaneously.",
  "keywords": ["ESP32","ESP32S2","USB","Software USB","USB Soft Host"],
  "authors": {
    "name": "tobozo",
    "url": "https://github.com/tobozo",
    "maintainer": true
  },
  "repository": {
    "type": "git",
    "url": "https://github.com/tobozo/ESP32-USB-Soft-Host.git"
  },
  "version": "0.1.4",
  "frameworks": "arduino",
  "platforms": "espressif32",
  "headers": "ESP32-USB-Soft-Host.h"
}
